Organism	Protein	COG	Cat	Annotation
1081	1142	COG0002	E	N-acetyl-gamma-glutamylphosphate reductase
982	1565	COG0004	P	Ammonia channel protein AmtB
1262	2907	COG0006	E	Xaa-Pro aminopeptidase
1306	2618	COG0008	J	Glutamyl- or glutaminyl-tRNA synthetase
1276	1893	COG0009	J	tRNA A37 threonylcarbamoyladenosine synthetase subunit TsaC/SUA5/YrdC
405	447	COG0011	H	Thiamin-binding stress-response protein YqgV, UPF0045 family
1291	1337	COG0012	J	Ribosome-binding ATPase YchF, GTP1/OBG family
1294	1434	COG0013	J	Alanyl-tRNA synthetase
981	1037	COG0014	E	Gamma-glutamyl phosphate reductase
1221	1496	COG0015	F	Adenylosuccinate lyase
1301	1331	COG0016	J	Phenylalanyl-tRNA synthetase alpha subunit
729	854	COG0017	J	Aspartyl/asparaginyl-tRNA synthetase
1293	1379	COG0018	J	Arginyl-tRNA synthetase
1159	1981	COG0019	E	Diaminopimelate decarboxylase
1271	1544	COG0020	I	Undecaprenyl pyrophosphate synthase
1300	1848	COG0024	J	Methionine aminopeptidase
864	951	COG0029	H	Aspartate oxidase
1291	1477	COG0030	J	16S rRNA A1518 and A1519 N6-dimethyltransferase RsmA/KsgA/DIM1 (may also have DNA glycosylase/AP lyase activity)
1183	2653	COG0031	E	Cysteine synthase
1181	1258	COG0034	F	Glutamine phosphoribosylpyrophosphate amidotransferase
937	974	COG0035	F	Uracil phosphoribosyltransferase
1180	1327	COG0036	G	Pentose-5-phosphate-3-epimerase
1288	2034	COG0037	J	tRNA(Ile)-lysidine synthase TilS/MesJ
762	1240	COG0038	P	H+/Cl- antiporter ClcA
1068	1369	COG0039	C	Malate/lactate dehydrogenase
1098	1116	COG0040	E	ATP phosphoribosyltransferase
1188	1207	COG0041	F	Phosphoribosylcarboxyaminoimidazole (NCAIR) mutase
1177	1895	COG0042	J	tRNA-dihydrouridine synthase
642	851	COG0043	H	3-polyprenyl-4-hydroxybenzoate decarboxylase
1106	1924	COG0044	F	Dihydroorotase or related cyclic amidohydrolase
1170	1184	COG0046	F	Phosphoribosylformylglycinamidine (FGAM) synthase, synthetase domain
1171	1174	COG0047	F	Phosphoribosylformylglycinamidine (FGAM) synthase, glutamine amidotransferase domain
1305	1243	COG0048	J	Ribosomal protein S12
1308	1299	COG0049	J	Ribosomal protein S7
1185	1399	COG0050	J	Translation elongation factor EF-Tu, a GTPase
1308	1188	COG0051	J	Ribosomal protein S10
1303	1303	COG0052	J	Ribosomal protein S2
1063	1589	COG0053	P	Divalent metal cation (Fe/Co/Zn/Cd) efflux pump
1106	1196	COG0055	C	FoF1-type ATP synthase, beta subunit
1106	1194	COG0056	C	FoF1-type ATP synthase, alpha subunit
1286	2061	COG0057	G	Glyceraldehyde-3-phosphate dehydrogenase/erythrose-4-phosphate dehydrogenase
760	1019	COG0058	G	Glucan phosphorylase
1292	1323	COG0060	J	Isoleucyl-tRNA synthetase
1250	1442	COG0061	H	NAD kinase
1042	1056	COG0062	F	NAD(P)H-hydrate repair enzyme Nnr, NAD(P)H-hydrate epimerase domain
1137	1194	COG0063	F	NAD(P)H-hydrate repair enzyme Nnr, NAD(P)H-hydrate dehydratase domain
1066	1092	COG0064	J	Asp-tRNAAsn/Glu-tRNAGln amidotransferase B subunit
956	1098	COG0067	E	Glutamate synthase domain 1
421	445	COG0068	O	Hydrogenase maturation factor HypF (carbamoyltransferase)
1013	1625	COG0069	E	Glutamate synthase domain 2
960	1119	COG0070	E	Glutamate synthase domain 3
1049	2461	COG0071	O	Small heat shock protein IbpA, HSP20 family
1294	1300	COG0072	J	Phenylalanyl-tRNA synthetase beta subunit
1289	2386	COG0073	J	tRNA-binding EMAP/Myf domain
1124	1181	COG0077	E	Prephenate dehydratase
1187	1400	COG0078	E	Ornithine carbamoyltransferase
1161	2440	COG0079	E	Histidinol-phosphate/aromatic aminotransferase or cobyric acid decarboxylase
1306	1309	COG0080	J	Ribosomal protein L11
1303	1299	COG0081	J	Ribosomal protein L1
1190	1206	COG0082	E	Chorismate synthase
673	676	COG0083	E	Homoserine kinase
1240	1785	COG0084	N	3'->5' ssDNA/RNA exonuclease TatD
1300	1377	COG0085	K	DNA-directed RNA polymerase, beta subunit/140 kD subunit
1298	1455	COG0086	K	DNA-directed RNA polymerase, beta' subunit/160 kD subunit
1305	1302	COG0087	J	Ribosomal protein L3
1307	1296	COG0088	J	Ribosomal protein L4
1302	1286	COG0089	J	Ribosomal protein L23
1306	1295	COG0090	J	Ribosomal protein L2
1304	1288	COG0091	J	Ribosomal protein L22
1305	1287	COG0092	J	Ribosomal protein S3
1306	1254	COG0093	J	Ribosomal protein L14
1307	1299	COG0094	J	Ribosomal protein L5
1307	1299	COG0096	J	Ribosomal protein S8
1305	1302	COG0097	J	Ribosomal protein L6P/L9E
1307	1297	COG0098	J	Ribosomal protein S5
1305	1297	COG0099	J	Ribosomal protein S13
1309	1259	COG0100	J	Ribosomal protein S11
1239	1351	COG0101	J	tRNA U38,U39,U40 pseudouridine synthase TruA
1304	1296	COG0102	J	Ribosomal protein L13
1304	1294	COG0103	J	Ribosomal protein S9
1215	1285	COG0104	F	Adenylosuccinate synthase
1162	1185	COG0105	F	Nucleoside diphosphate kinase
1102	1129	COG0106	E	Phosphoribosylformimino-5-aminoimidazole carboxamide ribonucleotide (ProFAR) isomerase
1107	1190	COG0107	E	Imidazole glycerol phosphate synthase subunit HisF
1165	3214	COG0111	H	Phosphoglycerate dehydrogenase or related dehydrogenase
1183	2815	COG0115	E H	Branched-chain amino acid aminotransferase/4-amino-4-deoxychorismate lyase
710	749	COG0116	J	23S rRNA G2445 N2-methylase RlmL
1100	1163	COG0118	E	Imidazoleglycerol phosphate synthase glutamine amidotransferase subunit HisH
1298	1405	COG0124	J	Histidyl-tRNA synthetase
1183	1427	COG0125	F	Thymidylate kinase
1276	1321	COG0126	G	3-phosphoglycerate kinase
1243	1293	COG0127	F	Inosine/xanthosine triphosphate pyrophosphatase, all-alpha NTP-PPase family
1189	1234	COG0128	E	5-enolpyruvylshikimate-3-phosphate synthase
1262	1280	COG0130	J	tRNA U55 pseudouridine synthase TruB, may also work on U342 of tmRNA
1098	1096	COG0131	E	Imidazoleglycerol phosphate dehydratase HisB
1225	1401	COG0136	E	Aspartate-semialdehyde dehydrogenase
1139	1164	COG0137	E	Argininosuccinate synthase
1145	1221	COG0138	F	AICAR transformylase/IMP cyclohydrolase PurH
1103	1131	COG0139	E	Phosphoribosyl-AMP cyclohydrolase
1021	1032	COG0140	E	Phosphoribosyl-ATP pyrophosphohydrolase
1096	1250	COG0141	E	Histidinol dehydrogenase
1259	2718	COG0142	H	Geranylgeranyl pyrophosphate synthase
1288	1376	COG0143	J	Methionyl-tRNA synthetase
1133	1726	COG0144	J	16S rRNA C967 or C1407 C5-methylase, RsmB/RsmF family
1279	1380	COG0148	G	Enolase
1281	1414	COG0149	G	Triosephosphate isomerase
1176	1183	COG0150	F	Phosphoribosylaminoimidazole (AIR) synthetase
1177	1231	COG0151	F	Phosphoribosylamine-glycine ligase
1188	1249	COG0152	F	Phosphoribosylaminoimidazole-succinocarboxamide synthase
493	562	COG0153	G	Galactokinase
1157	3357	COG0154	J	Asp-tRNAAsn/Glu-tRNAGln amidotransferase A subunit or related amidase
996	1103	COG0157	H	Nicotinate-nucleotide pyrophosphorylase
1300	1352	COG0162	J	Tyrosyl-tRNA synthetase
624	681	COG0163	H	Flavin prenyltransferase UbiX
1233	1247	COG0164	L	Ribonuclease HII
1137	1247	COG0165	E	Argininosuccinate lyase
1211	1319	COG0166	G	Glucose-6-phosphate isomerase
1222	1627	COG0167	F	Dihydroorotate dehydrogenase
1188	1539	COG0169	E	Shikimate 5-dehydrogenase
1230	1386	COG0171	H	NH3-dependent NAD+ synthetase
1304	1369	COG0172	J	Seryl-tRNA synthetase
1151	1173	COG0173	J	Aspartyl-tRNA synthetase
1128	2249	COG0174	E	Glutamine synthetase
1069	1433	COG0176	G	Transaldolase/fructose-6-phosphate aldolase
1230	1458	COG0177	L	Endonuclease III
1216	1870	COG0178	L	Excinuclease UvrABC ATPase subunit
1304	1416	COG0180	J	Tryptophanyl-tRNA synthetase
1304	1295	COG0184	J	Ribosomal protein S15P/S13E
1305	1256	COG0185	J	Ribosomal protein S19
1307	1297	COG0186	J	Ribosomal protein S17
1243	2111	COG0187	L	DNA gyrase/topoisomerase IV, subunit B
1247	2132	COG0188	L	DNA gyrase/topoisomerase IV, subunit A
1227	1353	COG0190	H	5,10-methylene-tetrahydrofolate dehydrogenase/Methenyl tetrahydrofolate cyclohydrolase
981	1416	COG0191	G	Fructose/tagatose bisphosphate aldolase
1156	1272	COG0192	H	S-adenosylmethionine synthetase
1168	1177	COG0193	J	Peptidyl-tRNA hydrolase
1144	1200	COG0194	F	Guanylate kinase
1289	1330	COG0195	K	Transcription antitermination factor NusA, contains S1 and KH domains
1135	1175	COG0196	H	FAD synthase
1307	1287	COG0197	J	Ribosomal protein L16/L10AE
1294	1289	COG0198	J	Ribosomal protein L24
1293	1367	COG0199	J	Ribosomal protein S14
1302	1301	COG0200	J	Ribosomal protein L15
1298	1320	COG0201	U	Preprotein translocase subunit SecY
1304	1336	COG0202	K	DNA-directed RNA polymerase, alpha subunit/40 kD subunit
1182	1169	COG0203	J	Ribosomal protein L17
1152	3769	COG0204	I	1-acyl-sn-glycerol-3-phosphate acyltransferase
905	1346	COG0205	G	6-phosphofructokinase
1226	1532	COG0206	D	Cell division GTPase FtsZ
862	900	COG0207	F	Thymidylate synthase
1227	2976	COG0210	L	Superfamily I DNA or RNA helicase
1182	1199	COG0211	J	Ribosomal protein L27
1100	1176	COG0212	H	5-formyltetrahydrofolate cyclo-ligase
446	457	COG0214	H	Pyridoxal 5'-phosphate synthase subunit PdxS
1278	1481	COG0215	J	Cysteinyl-tRNA synthetase
1181	1222	COG0216	J	Protein chain release factor RF1
1154	1253	COG0217	J K	Transcriptional and/or translational regulatory protein YebC/TACO1
963	981	COG0218	D	GTP-binding protein EngB required for normal cell division
817	852	COG0219	J	tRNA(Leu) C34 or U34 (ribose-2'-O)-methylase TrmL, contains SPOUT domain
995	1106	COG0220	J	tRNA G46 N7-methylase TrmB
1182	1225	COG0222	J	Ribosomal protein L7/L12
1194	1651	COG0223	J	Methionyl-tRNA formyltransferase
1109	1200	COG0224	C	FoF1-type ATP synthase, gamma subunit
1092	1882	COG0226	P	ABC-type phosphate transport system, periplasmic component
1175	1213	COG0227	J	Ribosomal protein L28
1179	1170	COG0228	J	Ribosomal protein S16
1153	1074	COG0230	J	Ribosomal protein L34
1294	1437	COG0231	J	Translation elongation factor P (EF-P)/translation initiation factor 5A (eIF-5A)
845	961	COG0232	F	dGTP triphosphohydrolase
1177	1175	COG0233	J	Ribosome recycling factor
1184	1437	COG0234	O	Co-chaperonin GroES (HSP10)
1158	4127	COG0236	I	Acyl carrier protein
1263	1298	COG0237	H	Dephospho-CoA kinase
1181	1141	COG0238	J	Ribosomal protein S18
1106	1254	COG0240	C	Glycerol-3-phosphate dehydrogenase
677	858	COG0241	E	Histidinol phosphatase/D-glycero-mannoheptose bisphosphatephosphatase, HAD superfamily
1179	1833	COG0242	J	Peptide deformylase
807	2752	COG0243	C	Anaerobic selenocysteine-containing dehydrogenase
1303	1295	COG0244	J	Ribosomal protein L10
988	988	COG0245	I	2C-methyl-D-erythritol 2,4-cyclodiphosphate synthase
973	1464	COG0248	T F	Exopolyphosphatase/pppGpp-phosphohydrolase
1299	1643	COG0250	K	Transcription termination/antitermination protein NusG
1153	3675	COG0251	V	Enamine deaminase RidA/Endoribonuclease Rid7C, YjgF/YER057c/UK114 family
779	974	COG0252	J E	L-asparaginase/archaeal Glu-tRNAGln amidotransferase subunit D
1177	1311	COG0254	J	Ribosomal protein L31
1267	1244	COG0255	J	Ribosomal protein L29
1306	1296	COG0256	J	Ribosomal protein L18
1164	1064	COG0257	J	Ribosomal protein L36
1284	1578	COG0258	L	5'-3' exonuclease Xni/ExoIX (flap endonuclease)
1175	1164	COG0261	J	Ribosomal protein L21
964	2168	COG0262	H	Dihydrofolate reductase
987	1031	COG0263	E	Glutamate 5-kinase
1178	1184	COG0264	J	Translation elongation factor EF-Ts
1215	3940	COG0265	O	Periplasmic serine protease, S1-C subfamily, contain C-terminal PDZ domain
1178	1284	COG0267	J	Ribosomal protein L33
1179	1168	COG0268	J	Ribosomal protein S20
1187	1391	COG0272	L	NAD-dependent DNA ligase
1170	1263	COG0275	J	16S rRNA C1402 N4-methylase RsmH
1056	4293	COG0277	C	FAD/FMN-containing lactate dehydrogenase/glycolate oxidase
588	783	COG0279	G	Phosphoheptose isomerase
919	1587	COG0280	C	Phosphotransacetylase (includes Pta, EutD and phosphobutyryltransferase)
849	1016	COG0282	C	Acetate kinase
1122	1128	COG0283	F	Cytidylate kinase
1216	1259	COG0284	F	Orotidine-5'-phosphate decarboxylase
1173	1254	COG0285	H	Folylpolyglutamate synthase/Dihydropteroate synthase
1111	1167	COG0287	E	Prephenate dehydrogenase
1147	1207	COG0289	E	4-hydroxy-tetrahydrodipicolinate reductase
1174	1196	COG0290	J	Translation initiation factor IF-3
1171	1141	COG0291	J	Ribosomal protein L35
1186	1165	COG0292	J	Ribosomal protein L20
1174	1442	COG0294	H	Dihydropteroate synthase
769	1353	COG0296	G	1,4-alpha-glucan branching enzyme
696	848	COG0297	G	Glycogen synthase
427	528	COG0298	O	Hydrogenase maturation factor HybG, HypC/HupF family
1098	1128	COG0299	F	Folate-dependent phosphoribosylglycinamide formyltransferase PurN
448	471	COG0301	J H	Adenylyl- and sulfurtransferase ThiI (thiamine and tRNA 4-thiouridine biosynthesis)
902	1068	COG0302	H	GTP cyclohydrolase I
993	1770	COG0303	H	Molybdopterin Mo-transferase (molybdopterin biosynthesis)
1115	2826	COG0304	I Q	3-oxoacyl-(acyl-carrier-protein) synthase
1181	1530	COG0305	L	Replicative DNA helicase
873	1197	COG0306	P	Phosphate/sulfate permease
503	604	COG0309	O	Carbamoyl dehydratase HypE (hydrogenase maturation factor)
373	489	COG0310	P	ABC-type Co2+ transport system, permease component
420	422	COG0311	H	Pyridoxal 5'-phosphate synthase subunit PdxT (glutamine amidotransferase)
1121	1327	COG0313	J	16S rRNA C1402 (ribose-2'-O) methylase RsmI
981	995	COG0315	H	Molybdenum cofactor biosynthesis enzyme MoaC
1133	1849	COG0317	K T	(p)ppGpp synthase/hydrolase, HD superfamily
1165	1163	COG0319	J	ssRNA-specific RNase YbeY, 16S rRNA maturation enzyme
1202	1553	COG0322	L	Excinuclease UvrABC, nuclease subunit
1018	1102	COG0323	L	DNA mismatch repair ATPase MutL
1159	1211	COG0324	J	tRNA A37 N6-isopentenylltransferase MiaA
1100	1151	COG0325	H	Pyridoxal 5'-phosphate homeostasis protein YggS, UPF0001 family
789	936	COG0326	O	Molecular chaperone, HSP90 family
901	968	COG0327	H	Putative GTP cyclohydrolase 1 type 2, NIF3 family
1082	1292	COG0328	L	Ribonuclease HI
1205	2849	COG0329	M E	4-hydroxy-tetrahydrodipicolinate synthase/N-acetylneuraminate lyase
1163	3060	COG0330	O	Regulator of protease activity HflC, stomatin/prohibitin superfamily
1106	1355	COG0331	I	Malonyl CoA-acyl carrier protein transacylase
1081	2076	COG0332	I	3-oxoacyl-[acyl-carrier-protein] synthase III
1132	1139	COG0333	J	Ribosomal protein L32
963	1580	COG0334	E	Glutamate dehydrogenase/leucine dehydrogenase
1179	1171	COG0335	J	Ribosomal protein L19
1172	1172	COG0336	J	tRNA G37 N-methylase TrmD
1092	1226	COG0337	E	3-dehydroquinate synthetase
1208	1286	COG0340	H	Biotin-protein ligase
1174	1250	COG0343	J	Queuine/archaeosine tRNA-ribosyltransferase
843	996	COG0344	I	Phospholipid biosynthesis protein PlsY, probable glycerol-3-phosphate acyltransferase
1126	1310	COG0345	E	Pyrroline-5-carboxylate reductase
924	1834	COG0347	T E	Nitrogen regulatory protein PII
708	1299	COG0348	C	Polyferredoxin NapH
667	867	COG0349	J	Ribonuclease D
1159	1729	COG0350	L	DNA repair enzyme Ada (O6-methylguanine-DNA--protein-cysteine methyltransferase)
1022	1225	COG0351	H	Hydroxymethylpyrimidine/phosphomethylpyrimidine kinase
1001	1546	COG0352	H	Thiamine monophosphate synthase
1128	1126	COG0353	L	Recombinational DNA repair protein RecR
1109	1216	COG0355	C	FoF1-type ATP synthase, epsilon subunit
1107	1203	COG0356	C	FoF1-type ATP synthase, membrane subunit a
1112	1120	COG0357	J	16S rRNA G527 N7-methylase RsmG (former glucose-inhibited division protein B)
1290	1731	COG0358	L	DNA primase (bacterial type)
1167	1167	COG0359	J	Ribosomal protein L9
1178	1174	COG0360	J	Ribosomal protein S6
1304	1296	COG0361	J	Translation initiation factor IF-1
861	1272	COG0363	G	6-phosphogluconolactonase/Glucosamine-6-phosphate isomerase/deaminase
876	3255	COG0366	G	Glycosidase/amylase (phosphorylase)
837	1667	COG0367	E	Asparagine synthetase B (glutamine-hydrolyzing)
716	731	COG0368	H	Cobalamin synthase CobS (adenosylcobinamide-GDP ribazoletransferase)
760	1072	COG0370	P	Fe2+ transporter FeoB
420	570	COG0371	C	Glycerol dehydrogenase or related enzyme, iron-containing ADH family
1065	1771	COG0372	C	Citrate synthase
444	506	COG0375	O	Hydrogenase maturation factor HypA/HybF, metallochaperone involved in Ni insertion
687	947	COG0378	O	Hydrogenase/urease maturation factor HypB, Ni2+-binding GTPase
909	928	COG0379	H	Quinolinate synthase
623	907	COG0385	R	Predicted Na+-dependent transporter YfeH
1167	3580	COG0388	V	Nitrilase/amidase YafV/Nit2, hydrolyzes deaminated glutathione
1056	2020	COG0389	L	Nucleotidyltransferase/DNA polymerase DinP involved in DNA repair
538	777	COG0392	M	Predicted membrane flippase AglD2/YbhN, UPF0104 family
720	5242	COG0395	G	ABC-type glycerol-3-phosphate transport system, permease component
1000	1038	COG0396	O	Fe-S cluster assembly ATPase SufC
934	2518	COG0402	F R	Cytosine/adenosine deaminase or related metal-dependent hydrolase
1028	3088	COG0406	G	Broad specificity phosphatase PhoE
424	439	COG0409	O	Hydrogenase maturation factor HypD
751	3003	COG0410	E	ABC-type branched-chain amino acid transport system, ATPase component LivF
703	2629	COG0411	E	ABC-type branched-chain amino acid transport system, ATPase component LivG
877	924	COG0416	I	Acyl-ACP:phosphate acyltransferase (fatty acid/phospholipid biosynthesis)
837	1351	COG0421	E	Spermidine synthase (polyamine aminopropyltransferase)
833	913	COG0422	H	4-amino-2-methyl-5-hydroxymethylpyrimidine (HMP) synthase ThiC
1053	1477	COG0424	Q	7-methyl-GTP pyrophosphatase and related NTP pyrophosphatases, Maf/HAM1 superfamily
832	1439	COG0425	J O H	Sulfur carrier protein TusA (tRNA thiolation, molybdenum cofactor biosynthesis)
487	814	COG0426	C	Flavorubredoxin
712	937	COG0432	H	Thiamin phosphate synthase YjbQ, UPF0047 family
169	188	COG0434	M	Membrane biogenesis protein, BtpA/SgcQ family
1242	4817	COG0436	E	Aspartate/methionine/tyrosine aminotransferase
1243	16297	COG0438	M	Glycosyltransferase involved in cell wall bisynthesis
1291	1449	COG0441	J	Threonyl-tRNA synthetase
1295	1354	COG0442	J	Prolyl-tRNA synthetase
1263	2652	COG0443	O	Molecular chaperone DnaK (HSP70)
858	4190	COG0444	E P	ABC-type dipeptide/oligopeptide/nickel transport system, ATPase component
820	1629	COG0446	I	NADPH-dependent 2,4-dienoyl-CoA reductase, sulfur reductase, or a related oxidoreductase
628	861	COG0448	G	Glucose-1-phosphate adenylyltransferase (ADP-glucose pyrophosphorylase)
1221	1494	COG0449	M	Glucosamine 6-phosphate synthetase, contains amidotransferase and phosphosugar isomerase domains
1196	1338	COG0452	H	Phosphopantothenoylcysteine synthetase/decarboxylase CoaBC
605	969	COG0455	D N	MinD-like ATPase FlhG/YlxH, activator of the FlhF-type GTPase
1233	7941	COG0456	J	Ribosomal protein S18 acetylase RimI and related acetyltransferases
867	4828	COG0457	R	Tetratricopeptide (TPR) repeat
1184	1545	COG0458	E F	Carbamoylphosphate synthase large subunit
1295	1892	COG0459	O	Chaperonin GroEL (HSP60 family)
1157	1391	COG0460	E	Homoserine dehydrogenase
1221	1302	COG0461	F	Orotate phosphoribosyltransferase
1274	1554	COG0462	F	Phosphoribosylpyrophosphate synthetase
1244	9697	COG0463	M	Glycosyltransferase involved in cell wall bisynthesis
1172	1777	COG0465	O	ATP-dependent Zn proteases
1278	1463	COG0468	L	RecA/RadA recombinase
1181	1452	COG0469	G	Pyruvate kinase
727	1570	COG0471	G	Di- and tricarboxylate antiporter
1207	2191	COG0472	M	UDP-N-acetylmuramyl pentapeptide phosphotransferase/UDP-N-acetylglucosamine-1-phosphate transferase
1133	1843	COG0473	C E	Isocitrate/isopropylmalate dehydrogenase
832	1688	COG0474	P	Magnesium-transporting ATPase (P-type)
953	1942	COG0475	P	Kef-type K+ transport system, membrane component KefB
1304	2093	COG0480	J	Translation elongation factor EF-G, a GTPase
1169	1181	COG0481	J	Translation elongation factor EF-4, membrane-bound GTPase
1175	1314	COG0482	J	tRNA U34 2-thiouridine synthase MnmA/TrmU, contains the PP-loop ATPase domain
1260	3406	COG0484	O	DnaJ-class molecular chaperone with C-terminal Zn finger domain
1100	4204	COG0488	R	ATPase components of ABC transporters with duplicated ATPase domains
1214	2985	COG0489	D	Fe-S cluster carrier ATPase, Mrp/ApbC/NBP35 family
1216	6424	COG0491	R	Glyoxylase or a related metal-dependent hydrolase, beta-lactamase superfamily II
1280	3109	COG0492	O	Thioredoxin reductase
1026	2303	COG0493	E R	NADPH-dependent glutamate synthase beta chain or related oxidoreductase
1140	3344	COG0494	V	8-oxo-dGTP pyrophosphatase MutT and related house-cleaning NTP pyrophosphohydrolases, NUDIX family
1296	1339	COG0495	J	Leucyl-tRNA synthetase
1079	1120	COG0497	L	DNA repair ATPase RecN
1171	1656	COG0498	E	Threonine synthase
1037	1565	COG0503	F	Adenine/guanine phosphoribosyltransferase or related PRPP-binding protein
1239	1292	COG0504	F	CTP synthase (UTP-ammonia lyase)
1164	1216	COG0505	E F	Carbamoylphosphate synthase small subunit
356	498	COG0510	H	Thiamine kinase or a related kinase
994	1501	COG0511	I	Biotin carboxyl carrier protein
1170	3707	COG0513	L	Superfamily II DNA and RNA helicase
924	1572	COG0514	L	Superfamily II DNA helicase RecQ
897	8872	COG0515	T	Serine/threonine protein kinase
1190	1634	COG0516	F	IMP dehydrogenase/GMP reductase
1236	2128	COG0518	F	GMP synthase, glutamine amidotransferase domain
1229	1256	COG0519	F	GMP synthase, PP-ATPase domain/subunit
1116	2354	COG0520	E	Selenocysteine lyase/Cysteine desulfurase
956	1096	COG0521	H	Molybdopterin adenylyltransferase MoaB/MogA
1304	1350	COG0522	J	Ribosomal protein S4 or related protein
688	1533	COG0523	R	Zinc metallochaperone YeiR/ZagA and related GTPases, G3E family
1178	4547	COG0524	G	Sugar or nucleoside kinase, ribokinase family
1292	1327	COG0525	J	Valyl-tRNA synthetase
1005	2959	COG0526	O	Thiol-disulfide isomerase or thioredoxin
1221	1894	COG0527	E	Aspartate kinase
1272	1317	COG0528	F	Uridylate kinase
1004	4004	COG0531	E	Serine transporter YbeC, amino acid:H+ symporter family
1294	1298	COG0532	J	Translation initiation factor IF-2, a GTPase
1291	1340	COG0533	J	tRNA A37 threonylcarbamoyltransferase TsaD
1052	3254	COG0534	V	Na+-driven multidrug efflux pump, DinF/NorM/MATE family
868	2625	COG0535	D H	Radical SAM superfamily maturase, SkfB/NifB/PqqE family
1168	1168	COG0536	L D	GTPase involved in cell partioning and DNA repair
1278	2350	COG0537	F R	Purine nucleoside phosphoramidase/Ap4A hydrolase, histidine triade (HIT) family
1164	1358	COG0539	J	Ribosomal protein S1
1185	1218	COG0540	F	Aspartate carbamoyltransferase, catalytic subunit
1261	1261	COG0541	U	Signal recognition particle GTPase
1172	3035	COG0542	O	ATP-dependent Clp protease, ATP-binding subunit ClpA
804	1452	COG0543	C H	NAD(P)H-flavin reductase
1158	1209	COG0544	O	FKBP-type peptidyl-prolyl cis-trans isomerase (trigger factor)
1089	2893	COG0546	C	Phosphoglycolate phosphatase, HAD superfamily
1079	1378	COG0548	E	N-acetylglutamate kinase
305	373	COG0549	E	Carbamate kinase
1276	1859	COG0550	L	DNA topoisomerase IA
658	933	COG0551	L	DNA topoisomerase I, ssDNA-binding Zn-finger and Zn-ribbon domains
1241	1241	COG0552	U	Signal recognition particle GTPase FtsY
856	1713	COG0553	K L	Superfamily II DNA or RNA helicase, SNF2 family
870	1079	COG0554	C	Glycerol kinase
1204	1220	COG0556	L	Excinuclease UvrABC helicase subunit UvrB
1035	1273	COG0557	K	Exoribonuclease R
1174	2166	COG0558	I	Phosphatidylglycerophosphate synthase
752	3052	COG0559	E	Branched-chain amino acid ABC-type transport system, permease component
940	1754	COG0560	E	Phosphoserine phosphatase
939	2463	COG0561	H R	Hydroxymethylpyrimidine pyrophosphatase and other HAD family phosphatases
257	272	COG0562	M	UDP-galactopyranose mutase
1239	1704	COG0563	F	Adenylate kinase or related kinase
1186	3403	COG0564	J	Pseudouridine synthase RluA, 23S rRNA- or tRNA-specific
1171	2967	COG0566	J	tRNA G18 (ribose-2'-O)-methylase SpoU
1183	2890	COG0568	K	DNA-directed RNA polymerase, sigma subunit (sigma70/sigma32)
1170	1220	COG0571	K	dsRNA-specific ribonuclease
999	1190	COG0573	P	ABC-type phosphate transport system, permease component
1052	1798	COG0574	G	Phosphoenolpyruvate synthase/pyruvate phosphate dikinase
1107	1107	COG0575	I	CDP-diglyceride synthetase
1260	1389	COG0576	O	Molecular chaperone GrpE (heat shock protein HSP-70)
935	3370	COG0577	V	ABC-type antimicrobial peptide transport system, permease component
667	859	COG0579	G	L-2-hydroxyglutarate oxidase LhgO
685	1031	COG0580	G	Glycerol uptake facilitator or related aquaporin (Major Intrinsic protein Family)
1053	1280	COG0581	P	ABC-type phosphate transport system, permease component
1068	21908	COG0583	K	DNA-binding transcriptional regulator, LysR family
935	2119	COG0586	M	Membrane integrity protein DedA, putative transporter, DedA/Tvp38 family
1174	1827	COG0587	L	DNA polymerase III, alpha subunit
594	631	COG0588	G	Phosphoglycerate mutase (BPG-dependent)
1079	5709	COG0589	T	Nucleotide-binding universal stress protein, UspA family
1158	1794	COG0590	J	tRNA(Arg) A34 adenosine deaminase TadA
1297	1474	COG0592	L	DNA polymerase III sliding clamp (beta) subunit, PCNA homolog
1151	1733	COG0593	L	Chromosomal replication initiation ATPase DnaA
1086	1080	COG0594	J	RNase P protein component
774	946	COG0595	J	mRNA degradation ribonuclease J1/J2
1186	13171	COG0596	H R	2-succinyl-6-hydroxy-2,4-cyclohexadiene-1-carboxylate synthase MenH and related esterases, alpha/beta hydrolase fold
1147	1325	COG0597	M U	Lipoprotein signal peptidase
872	3411	COG0600	P	ABC-type nitrate/sulfonate/bicarbonate transport system, permease component
1048	4806	COG0601	E P	ABC-type dipeptide/oligopeptide/nickel transport system, permease component
922	1117	COG0602	H	Organic radical activating enzyme NrdG/QueE
1011	1191	COG0606	O	Predicted Mg-chelatase, contains ChlI-like and ATPase domains, YifB family
1157	4854	COG0607	P	Rhodanese-related sulfurtransferase
1093	1249	COG0608	L	ssDNA-specific exonuclease RecJ, DHH superfamily, may be involved in archaeal DNA replication intiation
1005	2996	COG0609	P	ABC-type Fe3+-siderophore transport system, permease component
833	1304	COG0613	F	5'-3' exoribonuclease TrpH/YciV (RNase AM), contains PHP domain
1044	3357	COG0614	P	ABC-type Fe3+-hydroxamate transport system, periplasmic component
1153	1687	COG0617	J	tRNA nucleotidyltransferase/poly(A) polymerase
682	1013	COG0618	T F	nanoRNase/pAp phosphatase, hydrolyzes c-di-AMP and oligoRNAs
661	1467	COG0619	H	ECF-type transporter transmembrane protein EcfT
738	1108	COG0620	E	Methionine synthase II (cobalamin-independent)
1228	2602	COG0621	J	tRNA A37 methylthiotransferase MiaB
785	1362	COG0622	R	Predicted phosphodiesterase, calcineurin family
1147	4485	COG0624	E	Acetylornithine deacetylase/Succinyl-diaminopimelate desuccinylase or related deacylase
961	2189	COG0626	E	Cystathionine beta-lyase/cystathionine gamma-synthase
1200	3265	COG0628	R	Predicted PurR-regulated permease PerM
1176	2146	COG0629	L	Single-stranded DNA-binding protein
777	1682	COG0631	T	Serine/threonine protein phosphatase PrpC
1151	1148	COG0632	L	Holliday junction resolvasome RuvABC DNA-binding subunit
918	983	COG0634	F	Hypoxanthine-guanine phosphoribosyltransferase
1127	1959	COG0635	H	Coproporphyrinogen-III oxidase HemN (oxygen-independent) or related Fe-S oxidoreductase
1048	1172	COG0636	C	FoF1-type ATP synthase, membrane subunit c/Archaeal/vacuolar-type H+-ATPase, subunit K
985	2316	COG0637	G	Beta-phosphoglucomutase, HAD superfamily
1167	6304	COG0640	K	DNA-binding transcriptional regulator, ArsR family
399	736	COG0641	O	Sulfatase maturation enzyme AslB, radical SAM superfamily
1184	18976	COG0642	T	Signal transduction histidine kinase
883	1021	COG0646	E	Methionine synthase I (cobalamin-dependent), methyltransferase domain
595	653	COG0648	L	Endonuclease IV
239	307	COG0650	C	Formate hydrogenlyase subunit HyfC
713	1356	COG0651	C P	Formate hydrogenlyase subunit 3/Multisubunit Na+/H+ antiporter, MnhD subunit
1107	2246	COG0652	O	Peptidyl-prolyl cis-trans isomerase (rotamase) - cyclophilin family
1169	1311	COG0653	U	Preprotein translocase subunit SecA (ATPase, RNA helicase)
776	1757	COG0655	C	Multimeric flavodoxin WrbA, includes NAD(P)H:quinone oxidoreductase
832	2911	COG0657	I	Acetyl esterase/lipase
1070	1072	COG0658	U	DNA uptake channel protein ComEC, N-terminal domain
937	1511	COG0661	T H	Predicted protein kinase regulating ubiquinone biosynthesis, AarF/ABC1/UbiB family
1127	1142	COG0669	H	Phosphopantetheine adenylyltransferase
657	755	COG0670	P	Integral membrane protein YbhL, putative Ca2+ regulator, Bax inhibitor (BI-1)/TMBIM family
1053	6984	COG0673	R	Predicted dehydrogenase
706	1517	COG0674	C	Pyruvate:ferredoxin oxidoreductase or related 2-oxoacid:ferredoxin oxidoreductase, alpha subunit
820	1444	COG0679	R	Predicted permease, AEC (auxin efflux carrier) family
411	653	COG0680	C	Ni,Fe-hydrogenase maturation factor
1188	1717	COG0681	U	Signal peptidase I
1148	1371	COG0682	M	Prolipoprotein diacylglyceryltransferase
913	4796	COG0683	E	ABC-type branched-chain amino acid transport system, periplasmic component
1041	1283	COG0685	E	5,10-methylenetetrahydrofolate reductase
920	922	COG0689	J	Ribonuclease PH
1077	1068	COG0690	U	Preprotein translocase subunit SecE
1181	1189	COG0691	O	tmRNA-binding protein
740	759	COG0692	L	Uracil-DNA glycosylase
920	1861	COG0693	V	Protein/nucleotide deglycase, PfpI/YajL/DJ-1 family (repair of methylglyoxal-glycated proteins and nucleic acids)
769	1019	COG0694	O	Fe-S cluster biogenesis protein NfuA, 4Fe-4S-binding domain
971	1875	COG0695	O	Glutaredoxin
715	758	COG0696	G	Phosphoglycerate mutase (BPG-independent), AlkP superfamily
1173	7837	COG0697	G E R	Permease of the drug/metabolite transporter (DMT) superfamily
757	1006	COG0698	G	Ribose 5-phosphate isomerase RpiB
1119	1345	COG0703	E	Shikimate kinase
1037	1457	COG0704	P	Phosphate uptake regulator PhoU
1171	1309	COG0706	M	Membrane protein insertase Oxa1/YidC/SpoIIIJ
1174	1572	COG0707	M	UDP-N-acetylglucosamine:LPS N-acetylglucosamine transferase
1063	1683	COG0708	L	Exonuclease III
496	515	COG0709	E	Selenophosphate synthase
1103	1471	COG0711	C	FoF1-type ATP synthase, membrane subunit b or b'
1095	1118	COG0712	C	FoF1-type ATP synthase, delta subunit
941	4028	COG0715	P	ABC-type nitrate/sulfonate/bicarbonate transport system, periplasmic component
516	1103	COG0716	C	Flavodoxin
1021	1095	COG0718	K	DNA-binding nucleoid-associated protein YbaB/EfbC
1003	1941	COG0719	O	Fe-S cluster assembly scaffold protein SufB
1034	1043	COG0721	J	Asp-tRNAAsn/Glu-tRNAGln amidotransferase C subunit
469	710	COG0722	E	3-deoxy-D-arabino-heptulosonate 7-phosphate (DAHP) synthase
893	1280	COG0725	P	ABC-type molybdate transport system, periplasmic Mo-binding protein ModA
1033	3492	COG0726	M G	Peptidoglycan/xylan/chitin deacetylase, PgdA/NodB/CDA1 family
938	1142	COG0728	M	Lipid II flippase MurJ/MviN (peptidoglycan biosynthesis)
1100	3154	COG0730	P	Sulfite exporter TauE/SafE/YfcA and related permeases, UPF0721 family
282	338	COG0731	J	Wyosine [tRNA(Phe)-imidazoG37] synthetase, radical SAM superfamily
1161	2786	COG0735	P	Fe2+ or Zn2+ uptake regulation protein Fur/Zur
876	912	COG0736	I	Phosphopantetheinyl transferase (holo-ACP synthase)
1160	2108	COG0740	O	ATP-dependent protease ClpP, protease subunit
895	2626	COG0741	M	Soluble lytic murein transglycosylase or regulatory protein s ( may contain LysM/invasin domain)
1125	1153	COG0742	J	16S rRNA G966 N2-methylase RsmD
957	965	COG0743	I	1-deoxy-D-xylulose 5-phosphate reductoisomerase
977	1992	COG0744	M	Penicillin-binding protein 1B/1F, peptidoglycan transglycosylase/transpeptidase
1181	15210	COG0745	K T	DNA-binding response regulator, OmpR family, contains REC and winged-helix (wHTH) domain
923	980	COG0746	H	Molybdopterin-guanine dinucleotide biosynthesis protein A
1019	5257	COG0747	E	ABC-type transport system, periplasmic component
1131	1323	COG0749	L	DNA polymerase I, 3'-5' exonuclease and polymerase domains
1235	1418	COG0750	K O	Membrane-associated protease RseP, regulator of RpoE activity
770	773	COG0751	J	Glycyl-tRNA synthetase, beta subunit
769	765	COG0752	J	Glycyl-tRNA synthetase, alpha subunit
951	986	COG0756	V F	dUTP pyrophosphatase (dUTPase)
937	1024	COG0757	E	3-dehydroquinate dehydratase
1114	1264	COG0758	L	Predicted Rossmann fold nucleotide-binding protein DprA/Smf involved in DNA uptake
1114	1176	COG0759	M	Membrane-anchored protein YidD, putatitve component of membrane protein insertase Oxa1/YidC/SpoIIIJ
943	2381	COG0760	O	Peptidyl-prolyl isomerase, parvulin family
979	1046	COG0761	I	4-Hydroxy-3-methylbut-2-enyl diphosphate reductase IspH
677	712	COG0762	O	Cytochrome b6 maturation protein CCB3/Ycf19 and related maturases, YggT family
982	1713	COG0764	I	3-hydroxymyristoyl/3-hydroxydecanoyl-(acyl carrier protein) dehydratase
823	3967	COG0765	E	ABC-type amino acid transport system, permease component
1137	1366	COG0766	M	UDP-N-acetylglucosamine enolpyruvyl transferase
1142	2798	COG0768	D M	Cell division protein FtsI, peptidoglycan transpeptidase (Penicillin-binding protein 2)
1152	1690	COG0769	M	UDP-N-acetylmuramyl tripeptide synthase
1170	1322	COG0770	M	UDP-N-acetylmuramyl pentapeptide synthase
1139	1170	COG0771	M	UDP-N-acetylmuramoylalanine-D-glutamate ligase
1142	2430	COG0772	D	Peptodoglycan polymerase FtsW/RodA/SpoVE
1142	1596	COG0773	M	UDP-N-acetylmuramate-alanine ligase MurC and related ligases, MurC/Mpl family
757	1090	COG0775	F H	Nucleoside phosphorylase/nucleosidase, includes 5'-methylthioadenosine/S-adenosylhomocysteine nucleosidase MtnN and futalosine hydrolase MqnB
922	1035	COG0777	I	Acetyl-CoA carboxylase beta subunit
1160	3746	COG0778	C	Nitroreductase
1035	1035	COG0779	J	Ribosome maturation factor RimP
1176	1641	COG0781	K	Transcription antitermination protein NusB
1121	2031	COG0782	K	Transcription elongation factor, GreA/GreB family
1008	13538	COG0784	T	CheY-like REC (receiver) domain, includes chemotaxis protein CheY and sporulation regulator Spo0F
1101	1351	COG0787	M	Alanine racemase
1070	5757	COG0789	K	DNA-binding transcriptional regulator, MerR family
925	2456	COG0791	M	Cell wall-associated hydrolase, NlpC_P60 family
1033	1043	COG0792	L	Predicted endonuclease distantly related to archaeal Holliday junction resolvase, YraN/UPF0102 family
982	1025	COG0796	M	Glutamate racemase
1112	1110	COG0799	J	Ribosomal silencing factor RsfS, regulates association of 30S and 50S subunits
1068	1217	COG0801	H	7,8-dihydro-6-hydroxymethylpterin pyrophosphokinase (folate biosynthesis)
1153	1153	COG0802	J	tRNA A37 threonylcarbamoyladenosine biosynthesis protein TsaE
1053	1164	COG0805	U	Twin-arginine protein secretion pathway component TatC
1101	1102	COG0806	J	Ribosomal 30S subunit maturation factor RimM, required for 16S rRNA processing
980	1056	COG0809	J	S-adenosylmethionine:tRNA-ribosyltransferase-isomerase (queuine synthetase)
1141	1187	COG0812	M	UDP-N-acetylenolpyruvoylglucosamine reductase
1129	1175	COG0816	J K L	YqgF/RuvX protein, pre-16S rRNA maturation RNase/Holliday junction resolvase/anti-termination factor
1055	1086	COG0817	L	Holliday junction resolvasome RuvABC endonuclease subunit RuvC
679	736	COG0818	I	Diacylglycerol kinase
1094	1225	COG0820	J	Adenine C2-methylase RlmN of 23S rRNA A2503 and tRNA A37
980	993	COG0821	I	4-hydroxy-3-methylbut-2-enyl diphosphate synthase IspG/GcpE
1024	1274	COG0822	O	Fe-S cluster assembly scaffold protein IscU, NifU family
920	959	COG0825	I	Acetyl-CoA carboxylase alpha subunit
669	1359	COG0826	J	23S rRNA C2501 and tRNA U34 5'-hydroxylation protein RlhA/YrrN/YrrO, U32 peptidase family
990	6092	COG0834	T E	ABC-type amino acid transport/signal transduction system, periplasmic component/domain
975	6816	COG0845	V M	Multidrug efflux pump subunit AcrA (membrane-fusion protein)
848	1109	COG0846	O	NAD-dependent protein deacetylase, SIR2 family
951	1998	COG0847	L	DNA polymerase III, epsilon subunit or related 3'-5' exonuclease
863	925	COG0855	P	Polyphosphate kinase
1164	1180	COG0858	J	Ribosome-binding factor RbfA
377	540	COG0864	K	Metal-responsive transcriptional regulator, contains CopG/Arc/MetJ DNA-binding domain
388	490	COG1001	F	Adenine/N6-methyladenosine deaminase
961	1255	COG1004	M	UDP-glucose 6-dehydrogenase
992	1800	COG1009	C	Membrane H+-translocase/NADH:ubiquinone oxidoreductase subunit 5 (chain L)/Multisubunit Na+/H+ antiporter, MnhA subunit
506	536	COG1010	H	Precorrin-3B methylase
1054	2983	COG1011	H	FMN and 5-amino-6-(5-phospho-D-ribitylamino)uracil phosphatase YigB, HAD superfamily (riboflavin biosynthesis)
1164	9156	COG1012	I	Acyl-CoA reductase or other NAD-dependent aldehyde dehydrogenase
705	1526	COG1013	C	Pyruvate:ferredoxin oxidoreductase or related 2-oxoacid:ferredoxin oxidoreductase, beta subunit
851	2109	COG1014	C	Pyruvate:ferredoxin oxidoreductase or related 2-oxoacid:ferredoxin oxidoreductase, gamma subunit
140	147	COG1026	O	Zn-dependent peptidase, M16 (insulinase) family
1248	20713	COG1028	I	NAD(P)-dependent dehydrogenase, short-chain alcohol dehydrogenase family
792	2529	COG1032	R	Radical SAM superfamily enzyme YgiQ, UPF0313 family
199	326	COG1035	C	Coenzyme F420-reducing hydrogenase, beta subunit
1101	1179	COG1040	R	DNA utilization protein ComFC/GntX, contains phosphoribosyltransferase domain
1036	1637	COG1045	E	Serine acetyltransferase
690	1131	COG1047	O	Peptidyl-prolyl cis-trans isomerase, FKBP type
954	1163	COG1048	C	Aconitase A
1195	5150	COG1051	F	ADP-ribose pyrophosphatase YjhB, NUDIX family
1106	2325	COG1053	C	Succinate dehydrogenase/fumarate reductase, flavoprotein subunit
1102	1141	COG1057	H	Nicotinate-nucleotide adenylyltransferase NadD
377	526	COG1073	T	Fermentation-respiration switch esterase FrsA, DUF1100 family
1017	1185	COG1074	L	3Ã¢â‚¬â„¢-5Ã¢â‚¬â„¢ helicase subunit RecB of the DNA repair enzyme RecBCD (exonuclease V)
945	1213	COG1077	D Z	Cell shape-determining ATPase MreB, actin-like superfamily
694	914	COG1080	G	Phosphoenolpyruvate-protein kinase (PTS system EI component in bacteria)
811	3634	COG1082	G	Sugar phosphate isomerase/epimerase
456	512	COG1085	G	Galactose-1-phosphate uridylyltransferase
1024	1326	COG1087	M	UDP-glucose 4-epimerase
949	1159	COG1088	M	dTDP-D-glucose 4,6-dehydratase
886	1158	COG1091	M	dTDP-4-dehydrorhamnose reductase
707	1083	COG1092	J	23S rRNA G2069 N7-methylase RlmK or C1962 C5-methylase RlmI
234	275	COG1101	R	ABC-type uncharacterized transport system, ATPase component
267	365	COG1102	F	Cytidylate kinase
1125	1846	COG1104	E	Cysteine desulfurase/Cysteine sulfinate desulfinase IscS or related enzyme, NifS family
502	714	COG1105	G	1-phosphofructokinase or 6-phosphofructokinase II
226	327	COG1106	R	ATPase/GTPase, AAA15 family
1270	3013	COG1109	G	Phosphomannomutase
276	401	COG1114	E	Branched-chain amino acid permease
1059	1421	COG1117	P	ABC-type phosphate transport system, ATPase component
469	579	COG1118	P	ABC-type sulfate/molybdate transport systems, ATPase component
994	2462	COG1120	H P	ABC-type cobalamin/Fe3+-siderophores transport system, ATPase component
640	1354	COG1122	P R	Energy-coupling factor transporter ATP-binding protein EcfA2
886	2984	COG1123	O	ABC-type glutathione transport system ATPase component, contains duplicated ATPase domain
840	2749	COG1126	E	ABC-type polar amino acid transport system, ATPase component
618	2945	COG1129	G	ABC-type sugar transport system, ATPase component
1213	8423	COG1131	V	ABC-type multidrug transport system, ATPase component
1210	7067	COG1132	V	ABC-type multidrug transport system, ATPase and permease component
711	998	COG1134	G	ABC-type polysaccharide/polyol phosphate transport system, ATPase component
1259	5627	COG1136	M	ABC-type lipoprotein export system, ATPase component
257	468	COG1142	C	Fe-S-cluster-containing hydrogenase component 2
1079	2800	COG1143	C	Formate hydrogenlyase subunit 6/NADH:ubiquinone oxidoreductase 23 kD subunit (chain I)
394	663	COG1145	C	Ferredoxin
637	1004	COG1146	F	NAD-dependent dihydropyrimidine dehydrogenase, PreA subunit
385	917	COG1149	R	MinD superfamily P-loop ATPase, contains an inserted ferredoxin domain
1003	1080	COG1154	H I	Deoxyxylulose-5-phosphate synthase
1061	1121	COG1158	K	Transcription termination factor Rho
1131	1309	COG1159	J	GTPase Era, involved in 16S rRNA processing
1171	1463	COG1160	J	Double Era-like domain GTPase Der
922	1110	COG1162	J	Ribosome biogenesis GTPase RsgA
842	2890	COG1167	K E	DNA-binding transcriptional regulator, MocR family, contains an aminotransferase domain
492	591	COG1168	E R	Bifunctional PLP-dependent enzyme with beta-cystathionase and maltose regulon repressor activities
982	1888	COG1171	E	Threonine deaminase
1042	4764	COG1173	E P	ABC-type dipeptide/oligopeptide/nickel transport system, permease component
747	5186	COG1175	G	ABC-type sugar transport system, permease component
564	656	COG1179	J	tRNA A37 threonylcarbamoyladenosine dehydratase
651	1367	COG1180	O	Pyruvate-formate lyase-activating enzyme
1150	1961	COG1181	M R	D-alanine-D-alanine ligase or related ATP-grasp enzyme
1150	1155	COG1185	J	Polyribonucleotide nucleotidyltransferase (polynucleotide phosphorylase)
1068	1608	COG1186	J	Protein chain release factor PrfB
1146	2325	COG1187	J	Pseudouridylate synthase RsuA, specific for 16S rRNA U516 and 23S rRNA U2605
673	679	COG1189	J	Predicted rRNA methylase YqxC, contains S4 and FtsJ domains
1029	1083	COG1190	J	Lysyl-tRNA synthetase, class II
655	1225	COG1191	K	DNA-directed RNA polymerase specialized sigma subunit
1145	3702	COG1192	D N	ParA-like ATPase involved in chromosome/plasmid partitioning or cellulose biosynthesis protein BcsQ
1009	1034	COG1194	L	Adenine-specific DNA glycosylase, acts on AG and A-oxoG pairs
965	1005	COG1195	L	Recombinational DNA repair ATPase RecF
1140	2650	COG1196	D	Chromosome segregation ATPase Smc
1115	1135	COG1197	K L	Transcription-repair coupling factor (superfamily II helicase)
1139	1150	COG1198	L	Primosomal protein N' (replication factor Y) - superfamily II helicase
864	1189	COG1199	L	Rad3-related DNA helicase DinG
1083	1110	COG1200	L	RecG-like helicase
562	754	COG1201	L	Lhr-like helicase
383	394	COG1206	J	Folate-dependent tRNA-U54 methylase TrmFO/GidA
1120	1311	COG1207	M	Bifunctional protein GlmU, N-acetylglucosamine-1-phosphate-uridyltransferase/glucosamine-1-phosphate-acetyltransferase
887	1753	COG1208	J M	NDP-sugar pyrophosphorylase, includes eIF-2Bgamma, eIF-2Bepsilon, and LPS biosynthesis protein s
968	1355	COG1209	M	dTDP-glucose pyrophosphorylase
869	1061	COG1210	M	UTP-glucose-1-phosphate uridylyltransferase
1002	1087	COG1211	I	2-C-methyl-D-erythritol 4-phosphate cytidylyltransferase
1161	1160	COG1214	J	tRNA A37 threonylcarbamoyladenosine modification protein TsaB
1076	3715	COG1215	N	Glycosyltransferase, catalytic subunit of cellulose synthase and poly-beta-1,6-N-acetylglucosamine synthase
906	3317	COG1216	G	Glycosyltransferase, GT2 family
1092	1093	COG1217	T	Predicted membrane GTPase TypA/BipA involved in stress response
1137	1268	COG1219	O	ATP-dependent protease Clp, ATPase subunit ClpX
122	190	COG1221	K T	Transcriptional regulators containing an AAA-type ATPase domain and a DNA-binding domain
298	305	COG1227	C	Inorganic pyrophosphatase/exopolyphosphatase
738	2043	COG1228	Q	Imidazolonepropionase or related amidohydrolase
860	1278	COG1235	P	Phosphoribosyl 1,2-cyclic phosphate phosphodiesterase
220	220	COG1243	J	tRNA U34 5-carboxymethylaminomethylation enzyme Elp3 (RNA elongator complex protein 3), contains radical SAM and acetyltransferase domains
818	1881	COG1247	E	L-amino acid N-acyltransferase MnaT
1228	4203	COG1249	C	Dihydrolipoamide dehydrogenase (E3) component of pyruvate/2-oxoglutarate dehydrogenase complex or glutathione oxidoreductase
780	1711	COG1251	C	NAD(P)H-nitrite reductase, large subunit
1112	2529	COG1253	R	Hemolysin-related protein, contains CBS domains, UPF0053 family
729	795	COG1254	C	Acylphosphatase
478	511	COG1259	R	Bifunctional DNase/RNase
306	1235	COG1263	G	Phosphotransferase system IIC components, glucose/maltose/N-acetylglucosamine-specific
315	1281	COG1264	G	Phosphotransferase system IIB components
699	771	COG1270	H	Cobalamin biosynthesis protein CobD/CbiB
640	683	COG1272	U	Predicted membrane channel-forming protein YqfA, hemolysin III family
460	891	COG1284	S	Uncharacterized membrane-anchored protein YitT, contains DUF161 and DUF2179 domains
212	287	COG1288	R	Predicted membrane transporter YfcC, affects glyoxylate shunt
608	778	COG1296	E	Predicted branched-chain amino acid permease (azaleucine resistance)
232	300	COG1297	R	Predicted oligopeptide transporter, OPT family
308	516	COG1299	G	Phosphotransferase system, fructose-specific IIC component
300	682	COG1302	S	Uncharacterized conserved protein YloU, alkaline shock protein (Asp23) family
898	2389	COG1305	O	Transglutaminase-like enzyme, putative cysteine protease
336	858	COG1307	I	Fatty acid-binding protein DegV (function unknown)
1157	18838	COG1309	K	DNA-binding protein, AcrR family, includes nucleoid occlusion protein SlmA
176	188	COG1313	R	Radical SAM superfamily enzyme PflX
817	814	COG1314	U	Protein translocase subunit SecG
439	1272	COG1316	M	Anionic cell wall polymer biosynthesis enzyme TagV/TagU, LytR-Cps2A-Psr (LCP) family (peptidoglycan teichoic acid transferase)
446	1105	COG1319	C	Aldehyde, CO, or xanthine dehydrogenase, FAD-binding subunit
726	1167	COG1321	K	Mn-dependent transcriptional regulator MntR, DtxR family
787	803	COG1322	L	DNA anti-recombination protein (rearrangement mutator) RmuC
954	973	COG1327	K	Transcriptional regulator NrdR, contains Zn-ribbon and ATP-cone domains
603	741	COG1328	F	Anaerobic ribonucleoside-triphosphate reductase
465	505	COG1329	K	RNA polymerase-interacting regulator, CarD/CdnL/TRCF family
188	235	COG1342	R	Predicted DNA-binding protein, UPF0251 family
713	2368	COG1349	K G	DNA-binding transcriptional regulator of sugar metabolism, DeoR/GlpR family
946	953	COG1354	L	Chromatin segregation and condensation protein Rec8/ScpA/Scc1, kleisin family
301	356	COG1362	E	Aspartyl aminopeptidase
508	846	COG1363	G E	Putative aminopeptidase FrvX
782	806	COG1364	E	Glutamate N-acetyltransferase (ornithine transacetylase)
619	2462	COG1366	T	Anti-anti-sigma regulatory factor (antagonist of anti-sigma factor)
453	746	COG1368	M	Phosphoglycerol transferase MdoB/OpgB, AlkP superfamily
371	1002	COG1373	R	Predicted ATPase, AAA+ superfamily
702	2009	COG1376	M	Lipoprotein-anchoring transpeptidase ErfK/SrfK
1093	1093	COG1381	L	Recombinational DNA repair protein RecO (RecF pathway)
912	972	COG1386	K	Chromosome segregation and condensation protein ScpB
623	1005	COG1387	E R	Histidinol phosphatase or related hydrolase of the PHP family
515	602	COG1392	P	Phosphate transport regulator YkaA, distantly related to PhoU, UPF0111/DUF47 family
803	1551	COG1393	P	Arsenate reductase or related protein, glutaredoxin family
1082	8492	COG1396	K	Transcriptional regulator, contains XRE-family HTH domain
524	857	COG1397	O	ADP-ribosylglycohydrolase
948	945	COG1399	J	23S rRNA accumulation protein YceD (essential in plants, uncharacterized in bacteria)
875	1072	COG1410	E	Methionine synthase I, cobalamin-binding domain
709	3804	COG1414	K	DNA-binding transcriptional regulator, IclR family
713	1161	COG1418	J R	HD superfamily phosphodieaserase, includes HD domain of RNase Y
763	920	COG1426	D	Cytoskeletal protein RodZ, contains Xre-like HTH and DUF4115 domains
540	644	COG1430	S	Uncharacterized conserved membrane protein, UPF0127 family
355	736	COG1433	O	Predicted Fe-Mo cluster-binding protein, NifX family
445	502	COG1438	K	Arginine repressor
147	353	COG1440	G	Phosphotransferase system cellobiose-specific component IIB
475	587	COG1443	I	Isopentenyldiphosphate isomerase
306	515	COG1445	G	Phosphotransferase system fructose-specific component IIB
138	298	COG1447	G	Phosphotransferase system cellobiose-specific component IIA
795	1012	COG1451	R	UTP pyrophosphatase, metal-dependent hydrolase family
226	429	COG1453	R	Predicted oxidoreductase of the aldo/keto reductase family
807	1812	COG1454	C	Alcohol dehydrogenase, class IV
164	458	COG1455	G	Phosphotransferase system cellobiose-specific component IIC
309	333	COG1461	R	Predicted kinase related to dihydroxyacetone kinase
1150	1168	COG1466	L	DNA polymerase III, delta subunit
879	2322	COG1473	R	Metal-dependent amidase/aminoacylase/carboxypeptidase
1112	2532	COG1475	D	Chromosome segregation protein Spo0J, contains ParB-like nuclease domain
719	1806	COG1476	K	DNA-binding transcriptional regulator, XRE-family HTH domain
390	538	COG1479	V	DNAse/DNA nickase specific for phosphorothioated or glycosylated phage DNA, GmrSD/DndB/SspE family, contains DUF262 and HNH nuclease domains
362	360	COG1481	K	DNA-binding transcriptional regulator WhiA, involved in cell division
504	650	COG1482	G	Mannose-6-phosphate isomerase, class I
575	1496	COG1484	L	DNA replication protein DnaC
245	500	COG1486	G	Alpha-galactosidase/6-phospho-beta-glucosidase, family 4 of glycosyl hydrolase
944	1039	COG1488	H	Nicotinic acid phosphoribosyltransferase
857	856	COG1490	J	D-aminoacyl-tRNA deacylase
671	724	COG1492	H	Cobyric acid synthase
923	944	COG1496	P	Copper oxidase (laccase) domain
283	507	COG1511	S	Uncharacterized membrane protein YhgE, phage infection protein (PIP) family
711	1545	COG1520	M	Outer membrane protein assembly factor BamB, contains PQQ-like beta-propeller repeat
828	863	COG1521	H	Pantothenate kinase type III
598	2080	COG1529	C	Aldehyde, CO or xanthine dehydrogenase, Mo-binding subunit
579	577	COG1534	J	RNA-binding protein YhbY
954	1054	COG1539	H	Dihydroneopterin aldolase
1093	1324	COG1544	J	Ribosome-associated translation inhibitor RaiA
1099	1224	COG1546	H	Nicotinamide mononucleotide (NMN) deamidase PncC
881	1051	COG1555	L	DNA uptake protein ComE or related DNA-binding protein
1041	1115	COG1559	M	Endolytic transglycosylase MltG, terminates peptidoglycan polymerization
348	352	COG1564	H	Thiamine pyrophosphokinase
1035	1053	COG1570	L	Exonuclease VII, large subunit
905	1545	COG1573	L	Uracil-DNA glycosylase
606	1123	COG1574	R	Predicted amidohydrolase YtcJ
836	842	COG1576	J	23S rRNA pseudoU1915 N3-methylase RlmH
466	494	COG1579	R	Predicted nucleic acid-binding protein DR0291, contains C4-type Zn-ribbon domain
1004	1006	COG1589	D	Cell division septal protein FtsQ
393	740	COG1592	C	Rubrerythrin
1036	12319	COG1595	K	DNA-directed RNA polymerase specialized sigma subunit, sigma24 family
779	1437	COG1597	I R	Phosphatidylglycerol kinase, diacylglycerol kinase family
371	1042	COG1598	V	Antitoxin component HicB of the HicAB toxin-antitoxin system
1082	1456	COG1605	E	Chorismate mutase
329	348	COG1606	R	ATP-utilizing enzyme, PP-loop superfamily
780	7629	COG1609	K	DNA-binding transcriptional regulator, LacI/PurR family
810	816	COG1610	R	Uncharacterized conserved protein YqeY, may have tRNA amino acid amidase activity
1033	1624	COG1611	F	Nucleotide monophosphate nucleosidase PpnN/YdgH, Lonely Guy (LOG) family
325	556	COG1621	G	Sucrose-6-phosphate hydrolase SacC, GH32 family
165	165	COG1623	T	c-di-AMP synthetase DisA, contains DisA_N, linker and DNA-binding domains
165	170	COG1625	C	Fe-S oxidoreductase, related to NifB/MoaA family
273	275	COG1636	J	Epoxyqueuosine reductase QueH (tRNA modification)
587	664	COG1640	G	4-alpha-glucanotransferase
314	364	COG1641	H	CTP-dependent cyclometallase, nickel-pincer nucleotide (NPN) cofactor biosynthesis
793	5694	COG1653	G	ABC-type glycerol-3-phosphate transport system, periplasmic component
506	536	COG1654	K	Biotin operon repressor
809	813	COG1660	T	RNase adaptor protein RapZ for GlmZ sRNA degradation, contains a P-loop ATPase domain
574	572	COG1666	T	Cyclic di-GMP-binding protein YajQ, UPF0234 family
1083	6267	COG1670	J O	Protein N-acetyltransferase, RimJ/RimL family
471	472	COG1671	S	Uncharacterized conserved protein YaiI, UPF0178 family
1097	1803	COG1674	D	DNA segregation ATPase FtsK/SpoIIIE or related protein
724	1120	COG1682	G	ABC-type polysaccharide/teichoic acid/polyol phosphate export permease
354	432	COG1683	S	Uncharacterized conserved protein YbbK, DUF523 family
804	1742	COG1686	M	D-alanyl-D-alanine carboxypeptidase
316	329	COG1691	F	NCAIR mutase (PurE)-related protein
801	2800	COG1695	K	DNA-binding transcriptional regulator, PadR family
1044	1118	COG1702	T	Phosphate starvation-inducible protein PhoH, predicted ATPase
693	887	COG1704	M	Magnetosome formation protein MamQ, lipoprotein antigen LemA family
257	269	COG1713	T R	Diadenosine tetraphosphatase YqeK or a related HD superfamily phosphohydrolase
557	2759	COG1716	T	Forkhead associated (FHA) domain, binds pSer, pThr, pTyr
423	530	COG1720	J	tRNA (Thr-GGU) A37 N6-methylase
984	986	COG1722	L	Exonuclease VII small subunit
302	586	COG1724	R	Predicted RNA binding protein YcfA, dsRBD-like fold, HicA-like mRNA interferase family
514	1057	COG1725	K	DNA-binding transcriptional regulator YhcF, GntR family
545	1679	COG1737	K	DNA-binding transcriptional regulator, MurR/RpiR family, contains HTH and SIS domains
549	588	COG1738	J	Queuosine precursor transporter YhhQ, DUF165 family
751	752	COG1739	R	Putative translation regulator, IMPACT (imprinted ancient) protein family
583	1131	COG1744	T	Lipoprotein Med, regulator of KinD/Spo0A, PBP1-ABC superfamily, includes NupN
746	1074	COG1760	E	L-serine deaminase
715	1720	COG1762	T G	Phosphotransferase system mannitol/fructose-specific IIA domain (Ntr-type)
506	540	COG1763	H	Molybdopterin-guanine dinucleotide biosynthesis protein
579	883	COG1773	P	Flavorubredoxin
418	428	COG1774	T	Cell fate regulator YaaT, PSP1 superfamily (controls sporulation, competence, biofilm development)
919	926	COG1792	D Z	Cell shape-determining protein MreC
420	540	COG1794	M	Amino acid racemase YgeA
605	695	COG1797	H	Cobyrinic acid a,c-diamide synthase
380	424	COG1799	D	Cell division protein SepF/YlmF, interacts with FtsZ
714	4062	COG1802	K	DNA-binding transcriptional regulator, GntR family
533	565	COG1806	T	Regulator of PEP synthase PpsR, kinase-PPPase family (combines ADP:protein kinase and phosphorylase activities)
289	368	COG1808	S	Uncharacterized membrane protein AF0785, contains DUF389 domain
243	269	COG1811	S	Uncharacterized membrane protein YqgA, affects biofilm formation
666	830	COG1820	G	N-acetylglucosamine-6-phosphate deacetylase
1018	1895	COG1826	U	Twin-arginine protein secretion pathway components TatA and TatB
124	137	COG1827	K H	Transcriptional regulator of NAD metabolism, contains HTH and 3H domains
698	1978	COG1835	M	Peptidoglycan/LPS O-acetylase OafA/YrhL, contains acyltransferase and SGNH-hydrolase domains
521	544	COG1837	R	Predicted RNA-binding protein YlqC, contains KH domain, UPF0109 family
1144	1112	COG1841	J	Ribosomal protein L30/L7E
1122	9345	COG1846	K	DNA-binding transcriptional regulator, MarR family
489	516	COG1847	R	Predicted RNA-binding protein Jag (SpoIIIJ-associated), conains KH and R3H domains
249	564	COG1848	V	VapC family ribonuclease, toxin component of the VapBC toxin-antitoxin module, contains PIN domain
975	2386	COG1853	C	FMN reductase RutF, DIM6/NTAB family
266	274	COG1854	T	S-ribosylhomocysteine lyase LuxS, autoinducer biosynthesis
1047	1051	COG1862	U	Protein translocase subunit YajC
576	605	COG1866	C	Phosphoenolpyruvate carboxykinase, ATP-dependent
351	610	COG1882	C	Pyruvate-formate lyase
697	1106	COG1893	H	Ketopantoate reductase
855	1437	COG1894	C	NADH:ubiquinone oxidoreductase, NADH-binding 51 kD subunit (chain F)
337	340	COG1897	E	Homoserine O-succinyltransferase
875	1205	COG1898	M	dTDP-4-dehydrorhamnose 3,5-epimerase or related enzyme
945	2568	COG1902	C	2,4-dienoyl-CoA reductase or related NADH-dependent reductase, Old Yellow Enzyme (OYE) family
380	384	COG1903	H	Cobalt-precorrin-5B methyltransferase
669	1054	COG1914	P	Mn2+ or Fe2+ transporter, NRAMP family
757	1210	COG1918	P	Fe2+ transport protein FeoA
376	444	COG1921	J	Seryl-tRNA(Sec) selenium transferase
276	539	COG1924	I	Activator of 2-hydroxyglutaryl-CoA dehydratase (HSP70-class ATPase domain)
854	1475	COG1925	T G	HPr or related phosphotransfer protein
471	577	COG1929	G	Glycerate kinase
844	887	COG1932	E H	Phosphoserine aminotransferase
624	1020	COG1937	K	DNA-binding transcriptional regulator, FrmR family
976	3554	COG1940	K G	Sugar kinase of the NBD/HSP70 family, may contain an N-terminal HTH domain
586	1729	COG1943	X	REP element-mobilizing transposase RayT
1007	1012	COG1947	I	4-diphosphocytidyl-2C-methyl-D-erythritol kinase
473	556	COG1950	S	Uncharacterized membrane protein YvlD, DUF360 family
501	877	COG1957	F	Inosine-uridine nucleoside N-ribohydrolase
1012	2474	COG1959	K	DNA-binding transcriptional regulator, IscR family
797	2599	COG1961	L	Site-specific DNA recombinase SpoIVCA/DNA invertase PinE
530	633	COG1966	C E	Carbon starvation protein CstA (peptide/pyruvate transporter)
1112	1221	COG1968	I	Undecaprenyl pyrophosphate phosphatase
333	438	COG1971	P	Putative Mn2+ efflux pump MntP
985	1628	COG1974	K T	SOS-response transcriptional repressor LexA (RecA-mediated autopeptidase)
629	1031	COG1975	O	Molybdoenzyme maturation factor PaoD (Mo cofactor insertion), XdhC/CoxF family
330	394	COG1979	C	Alcohol dehydrogenase YqhD, Fe-dependent ADH family
754	1044	COG1994	O	Zn-dependent protease (includes sporulation protein SpoIVFB)
179	188	COG1996	K	DNA-directed RNA polymerase, subunit RPC12/RpoP, contains C4-type Zn-finger
915	922	COG2001	J	MraZ, DNA-binding transcriptional regulator and inhibitor of RsmH methyltransferase activity
461	585	COG2005	K	DNA-binding transcriptional regulator ModE (molybdenum-dependent)
685	812	COG2008	E	Threonine aldolase
425	572	COG2013	C	AIM24 protein, required for mitochondrial respiration
697	1207	COG2017	G	Galactose mutarotase or related enzyme
874	1359	COG2025	C	Electron transfer flavoprotein, alpha subunit FixB
224	262	COG2033	C	Desulfoferrodoxin, superoxide reductase-like (SORL) domain
710	781	COG2038	H	NaMN:DMB phosphoribosyltransferase
635	722	COG2065	F	Pyrimidine operon attenuation protein PyrR/uracil phosphoribosyltransferase
585	659	COG2068	H	CTP:molybdopterin cytidylyltransferase MocA
793	1648	COG2070	R	NAD(P)H-dependent flavin oxidoreductase YrpB, nitropropane dioxygenase family
541	696	COG2071	E	Gamma-glutamyl-gamma-aminobutyrate hydrolase PuuD (putrescine degradation), contains GATase1-like domain
386	430	COG2073	H	Cobalt-precorrin 5A hydrolase
610	1870	COG2080	C	Aldehyde, CO, or xanthine dehydrogenase, Fe-S subunit, CoxS/CutS family
771	999	COG2081	R	Predicted flavoprotein YhiN
816	2168	COG2084	I	3-hydroxyisobutyrate dehydrogenase or related beta-hydroxyacid dehydrogenase
867	1332	COG2086	C	Electron transfer flavoprotein, alpha and beta subunits
599	635	COG2087	H	Adenosyl cobinamide kinase/adenosyl cobinamide phosphate guanylyltransferase
383	400	COG2099	H	Precorrin-6x reductase
450	514	COG2103	M	N-acetylmuramic acid 6-phosphate (MurNAc-6-P) etherase
664	785	COG2109	H	ATP:corrinoid adenosyltransferase
472	672	COG2116	P	Formate/nitrite transporter FocA, FNT family
323	458	COG2129	R	Predicted phosphoesterase, related to the Icc protein
504	522	COG2131	F	Deoxycytidylate deaminase
898	908	COG2137	O	SOS response regulatory protein OraA/RecX, interacts with RecA
401	422	COG2145	H	Hydroxyethylthiazole kinase, sugar kinase family
989	2198	COG2148	M	Sugar transferase involved in LPS biosynthesis (colanic, teichoic acid)
678	1004	COG2153	R	Predicted N-acyltransferase, GNAT family
579	1518	COG2159	G	5-carboxyvanillate decarboxylase LigW (lignin degradation), amidohydro domain
493	606	COG2169	L	Methylphosphotriester-DNA--protein-cysteine methyltransferase (N-terminal fragment of Ada), contains Zn-binding and two AraC-type DNA-binding domains
876	899	COG2171	E	Tetrahydrodipicolinate N-succinyltransferase
554	1551	COG2172	T	Anti-sigma regulatory factor (Ser/Thr protein kinase)
545	763	COG2176	L	DNA polymerase III, alpha subunit (gram-positive type)
902	926	COG2177	D	Cell division protein FtsX
226	232	COG2179	R	Predicted phosphohydrolase YqeG, HAD superfamily
754	764	COG2183	K	Transcriptional accessory protein Tex/SPT6
739	2685	COG2188	K	DNA-binding transcriptional regulator, GntR family
334	721	COG2190	G	Phosphotransferase system IIA component
517	887	COG2195	E	Di- or tripeptidase
1052	10240	COG2197	K T	DNA-binding response regulator, NarL/FixJ family, contains REC and HTH domains
816	9665	COG2199	T	GGDEF domain, diguanylate cyclase (c-di-GMP synthetase) or its enzymatically inactive variants
720	4128	COG2200	T	EAL domain, c-di-GMP-specific phosphodiesterase class I (or its enzymatically inactive variant)
890	6790	COG2204	T	DNA-binding transcriptional response regulator, NtrC family, contains REC, AAA-type ATPase, and a Fis-type DNA-binding domains
991	4087	COG2205	T	K+-sensing histidine kinase KdpD
951	12177	COG2207	K	AraC-type DNA-binding domain and AraC-containing proteins
586	2063	COG2208	K T	Phosphoserine phosphatase RsbU, regulator of sigma subunit
1207	3800	COG2217	P	Cation-transporting P-type ATPase
261	583	COG2221	P	Dissimilatory sulfite reductase (desulfoviridin), alpha and beta subunits
328	444	COG2222	M	Fructoselysine-6-P-deglycase FrlB or related protein, duplicated sugar isomerase (SIS) domain
716	1361	COG2223	P	Nitrate/nitrite transporter NarK
1256	10804	COG2226	H	Ubiquinone/menaquinone biosynthesis C-methylase UbiE/MenG
774	1745	COG2230	I	Cyclopropane fatty-acyl-phospholipid synthase and related methyltransferases
664	1168	COG2233	F	Xanthine/uracil permease
270	309	COG2235	E	Arginine deiminase
955	1330	COG2239	P	Mg/Co/Ni transporter MgtE (contains CBS domain)
327	364	COG2240	H	Pyridoxal/pyridoxine/pyridoxamine kinase
518	539	COG2241	H	Precorrin-6B methylase 1
566	727	COG2242	H	Precorrin-6B methylase 2
511	637	COG2243	H	Precorrin-2 methylase
1041	2805	COG2244	M	Membrane protein involved in the export of O-antigen and teichoic acid
542	779	COG2246	I	Putative flippase GtrA (transmembrane translocase of bactoprenol-linked glucose)
702	968	COG2252	F	Xanthine/guanine/uracil/vitamin C permease GhxP/GhxQ, nucleobase:cation symporter 2 ( NCS2) family
1142	1161	COG2255	L	Holliday junction resolvasome RuvABC, ATP-dependent DNA helicase subunit RuvB
1105	1163	COG2256	L	Replication-associated recombination protein RarA (DNA-dependent ATPase)
1149	1261	COG2262	J	50S ribosomal subunit-associated GTPase HflX
1089	1639	COG2265	J	tRNA/tmRNA/rRNA uracil-C5-methylase, TrmA/RlmC/RlmD family
518	581	COG2270	R	MFS-type transporter involved in bile tolerance, Atg22 family
626	1426	COG2274	V	ABC-type bacteriocin/lantibiotic exporters, contain an N-terminal double-glycine peptidase domain
393	625	COG2309	E	Leucyl aminopeptidase (aminopeptidase T)
188	201	COG2316	R	Predicted hydrolase, HD superfamily
362	389	COG2317	O	Zn-dependent carboxypeptidase, M32 family
516	704	COG2331	R	Predicted nucleic acid-binding protein, contains Zn-ribbon domain
796	1074	COG2333	U	DNA uptake channel protein ComEC C-terminal domain, metallo-beta-lactamase superfamily
640	665	COG2352	C	Phosphoenolpyruvate carboxylase
523	798	COG2355	O E	Zn-dependent dipeptidase, microsomal dipeptidase homolog
143	194	COG2359	S	Stage V sporulation protein SpoVS, predicted DNA-binding, AlbA superfamily
342	360	COG2371	O	Urease accessory protein UreE
830	2127	COG2378	K	Predicted DNA-binding transcriptional regulator YobV, contains HTH and WYL domains
188	264	COG2407	G	L-fucose isomerase or related protein
443	512	COG2509	R	FAD-dependent dehydrogenase
127	151	COG2605	R	Predicted kinase related to galactokinase and mevalonate kinase
751	1309	COG2606	J	Cys-tRNA(Pro) deacylase, prolyl-tRNA editing enzyme YbaK/EbsC
1034	2248	COG2608	P	Copper chaperone CopZ
511	1261	COG2723	G	Beta-glucosidase/6-phospho-beta-glucosidase/beta-galactosidase
283	620	COG2730	G	Aryl-phospho-beta-D-glucosidase BglC, GH1 family
179	276	COG2731	G	Beta-galactosidase, beta subunit
330	335	COG2738	O	Zn-dependent membrane protease YugP
945	3054	COG2755	D I	Lysophospholipase L1 or related esterase. Includes spore coat protein LipC/YcsK
489	512	COG2759	F	Formyltetrahydrofolate synthetase
236	424	COG2768	S	Uncharacterized Fe-S cluster protein
512	979	COG2770	T	HAMP domain
529	1488	COG2771	K	DNA-binding transcriptional regulator, CsgD family
684	3016	COG2801	X	Transposase InsO and inactivated derivatives
411	615	COG2807	P	Cyanate permease
1186	1795	COG2812	L	DNA polymerase III, gamma/tau subunits
1229	16066	COG2814	G	Predicted arabinose efflux permease AraJ, MFS family
524	899	COG2815	M	PASTA domain, binds beta-lactams
309	509	COG2819	R	Predicted hydrolase of the alpha/beta superfamily
313	1043	COG2826	X	Transposase and inactivated derivatives, IS30 family
232	243	COG2848	D	Uncharacterized conserved protein, UPF0210 family
587	701	COG2855	S	Uncharacterized membrane protein YadS, UPF0324 family
697	793	COG2860	S	Uncharacterized membrane protein YeiH
414	810	COG2865	K	Predicted transcriptional regulator, contains HTH domain
765	1069	COG2873	E	O-acetylhomoserine/O-acetylserine sulfhydrylase, pyridoxal phosphate-dependent
517	539	COG2875	H	Precorrin-4 methylase
491	681	COG2876	E	3-deoxy-D-arabino-heptulosonate 7-phosphate (DAHP) synthase
888	902	COG2884	D	Cell division ATPase FtsE
1283	2138	COG2890	J	Methylase of polypeptide chain release factors
462	714	COG2893	G	Phosphotransferase system, mannose/fructose-specific component IIA
979	1122	COG2896	H	GTP 3',8-cyclase (molybdenum cofactor biosynthesis protein MoaA)
385	448	COG2957	E	Agmatine/peptidylarginine deiminase
435	1553	COG2963	X	Transposase InsE and inactivated derivatives
214	283	COG2964	K	Predicted transcriptional regulator YheO, contains PAS and DNA-binding HTH domains
399	479	COG2966	S	Uncharacterized membrane protein YjjP, DUF1212 family
387	707	COG2984	R	ABC-type uncharacterized transport system, periplasmic component
504	649	COG3004	C P	Na+/H+ antiporter NhaA
199	219	COG3010	G	Putative N-acetylmannosamine-6-phosphate epimerase
546	550	COG3022	L	DNA-binding protein YaaA associated with the oxidative stress response
178	245	COG3041	J V	mRNA-degrading endonuclease YafQ (mRNA interferase), toxin component of the YafQ-DinJ toxin-antitoxin module
220	311	COG3049	M R	Penicillin V acylase or related amidase, Ntn superfamily
386	607	COG3064	M	Membrane protein TolA involved in colicin uptake
220	374	COG3077	V	Antitoxin component of the RelBE or YafQ-DinJ toxin-antitoxin module
136	144	COG3081	L	dsDNA-binding nucleoid-associated protein YejK/NdpA
432	752	COG3093	V	Plasmid maintenance system antidote protein VapI/HigA, contains XRE-type HTH domain
1255	3504	COG3118	O	Chaperedoxin CnoX, contains thioredoxin-like and TPR-like domains, YbbN/TrxSC family
547	3474	COG3119	P	Arylsulfatase A or related enzyme, AlkP superfamily
339	353	COG3142	P	Copper homeostasis protein CutC
738	1503	COG3153	R	Predicted N-acetyltransferase YhbS
382	514	COG3158	P	K+ uptake protein Kup
521	1241	COG3173	R	Predicted kinase, aminoglycoside phosphotransferase (APT) family
678	1290	COG3177	K	Fic family protein
371	502	COG3191	E	L-aminopeptidase/D-esterase
397	516	COG3247	R	Acid resistance membrane protein HdeD, DUF308 family
474	1697	COG3250	G	Beta-galactosidase/beta-glucuronidase
250	323	COG3260	C	Ni,Fe-hydrogenase III small subunit
251	325	COG3261	C	Ni,Fe-hydrogenase III large subunit
169	190	COG3262	C	Ni,Fe-hydrogenase III component G
375	413	COG3263	C P	NhaP-type Na+/H+ and K+/H+ antiporter with C-terminal TrkAC and CorC domains
797	1566	COG3264	M	Small-conductance mechanosensitive channel MscK
338	631	COG3267	W U	Type II secretory pathway ATPase component GspA/ExeA/MshM
172	211	COG3274	M	Surface polysaccharide O-acyltransferase WecH
502	1646	COG3275	T	Sensor histidine kinase, LytS/YehU family
354	366	COG3276	J	Selenocysteine-specific translation elongation factor SelB
704	2799	COG3279	K T	DNA-binding response regulator, LytR/AlgR family
357	710	COG3290	T	Sensor histidine kinase DipB regulating citrate/malate metabolism
244	545	COG3315	Q	O-Methyltransferase involved in polyketide biosynthesis
336	457	COG3318	S	Uncharacterized conserved protein YecA, UPF0149 family, contains C-terminal Zn-binding SEC-C motif
261	307	COG3340	E	Peptidase E
381	1173	COG3344	X	Retron-type reverse transcriptase
190	225	COG3382	R	B3/B4 domain (DNA/RNA-binding domain of Phe-tRNA-synthetase)
757	1446	COG3383	R	Predicted molibdopterin-dependent oxidoreductase YjgC
270	315	COG3394	G	Chitooligosaccharide deacetylase ChbG, YdjC/CelG family
205	241	COG3404	E	Formiminotetrahydrofolate cyclodeaminase
498	1217	COG3409	M	Peptidoglycan-binding (PGRP) domain of peptidoglycan hydrolases
190	416	COG3414	G	Phosphotransferase system, galactitol-specific IIB component
391	1452	COG3415	V	CRISPR-associated protein Csa3, CARF domain
502	1300	COG3437	T	Response regulator c-di-GMP phosphodiesterase, RpfG family, contains REC and HD-GYP domains
218	219	COG3442	R	Glutamine amidotransferase related to the GATase domain of CobQ
177	417	COG3444	G	Phosphotransferase system, mannose/fructose/N-acetylgalactosamine-specific component IIB
174	259	COG3458	Q	Cephalosporin-C deacetylase or related acetyl esterase
465	866	COG3467	V	Nitroimidazole reductase NimA or a related FMN-containing flavoprotein, pyridoxamine 5'-phosphate oxidase superfamily
88	139	COG3475	I	Phosphorylcholine metabolism protein LicD
245	291	COG3503	S	Uncharacterized membrane protein, DUF1624 family
265	406	COG3549	V	Plasmid maintenance system killer protein
187	256	COG3580	R	Predicted nucleotide-binding protein, sugar kinase/HSP70/actin superfamily
182	252	COG3581	R	Predicted nucleotide-binding protein, sugar kinase/HSP70/actin superfamily
69	105	COG3589	S	Uncharacterized conserved protein, DUF871 domain
172	208	COG3594	G	Fucose 4-O-acetylase or related acetyltransferase
167	252	COG3597	S	Uncharacterized conserved protein, DUF697 family
168	178	COG3601	H	Riboflavin transporter FmnP
385	441	COG3610	S	Uncharacterized membrane protein YjjB, DUF3815 family
324	403	COG3619	S	Uncharacterized membrane protein YoaK, UPF0700 family
272	1258	COG3629	K	DNA-binding transcriptional regulator DnrI/AfsR/EmbR, SARP family, contains BTAD domain
435	734	COG3655	K	DNA-binding transcriptional regulator, XRE family
402	415	COG3663	L	G:T/U-mismatch repair DNA glycosylase
146	169	COG3681	E	L-cysteine desulfidase YhaM
271	271	COG3688	J	EndoRNase involved in mRNA decay, NYN (Nedd4-BP1/Rae1/YacP nuclease) family, contains PIN domain
476	500	COG3695	K	Alkylated DNA nucleotide flippase Atl1, participates in nucleotide excision repair, Ada-like DNA-binding domain
499	499	COG3705	E	ATP phosphoribosyltransferase regulatory subunit HisZ
205	701	COG3711	K	Transcriptional antiterminator
168	386	COG3715	G	Phosphotransferase system, mannose/fructose/N-acetylgalactosamine-specific IIC component
179	396	COG3716	G	Phosphotransferase system, mannose/fructose/N-acetylgalactosamine-specific IID component
303	345	COG3727	L	G:T-mismatch repair DNA endonuclease Vsr, very short patch repair protein
342	452	COG3745	W U	Flp pilus assembly protein CpaB
280	469	COG3757	M	Lyzozyme M1 (1,4-beta-N-acetylmuramidase), GH25 family
312	734	COG3764	M	Sortase (surface protein transpeptidase)
327	336	COG3830	T	ACT domain, binds amino acids and other small ligands
834	2966	COG3839	G	ABC-type sugar transport system, ATPase component MalK
96	97	COG3855	G	Fructose-1,6-bisphosphatase
385	398	COG3857	L	ATP-dependent helicase/DNAse subunit B
142	165	COG3860	S	Uncharacterized conserved protein, DUF2087 family
90	119	COG3862	S	Uncharacterized conserved protein with two CxxC motifs
193	282	COG3875	M	Nickel-dependent lactate racemase
215	326	COG3883	S	Uncharacterized N-terminal coiled-coil domain of peptidoglycan hydrolase CwlO
214	262	COG3919	R	Predicted ATP-dependent carboligase, ATP-grasp superfamily
64	122	COG3933	K	Transcriptional regulatory protein LevR, contains PRD, AAA+ and EIIA domains
237	379	COG3944	M	Capsular polysaccharide biosynthesis protein YveK
882	915	COG3956	R	Uncharacterized conserved protein YabN, contains tetrapyrrole methylase and MazG-like pyrophosphatase domain
295	374	COG3957	G	Phosphoketolase
464	594	COG3958	G	Transketolase, C-terminal subunit
469	601	COG3959	G	Transketolase, N-terminal subunit
238	263	COG3968	E	Glutamine synthetase type III
190	305	COG4099	R	Predicted peptidase
777	782	COG4108	J	Peptide chain release factor RF-3
250	302	COG4109	K	Predicted transcriptional regulator containing CBS domains
237	283	COG4120	R	ABC-type uncharacterized transport system, permease component
478	507	COG4133	O	ABC-type transport system involved in cytochrome c biogenesis, ATPase component
760	819	COG4149	P	ABC-type molybdate transport system, permease component ModB
583	1324	COG4166	E	ABC-type oligopeptide transport system, periplasmic component
752	3021	COG4177	E	ABC-type branched-chain amino acid transport system, permease component
81	96	COG4186	R	Uncharacterized conserved protein MJ1445, calcineurin-like phosphoesterase superfamily
322	328	COG4198	S	Uncharacterized conserved protein, DUF1015 family
180	221	COG4226	R	Predicted nuclease of the RNAse H fold, HicB family
160	167	COG4237	C	Hydrogenase-4 membrane subunit HyfE
257	277	COG4260	O	Membrane protease subunit, stomatin/prohibitin family, contains C-terminal Zn-ribbon domain
59	60	COG4267	S	Uncharacterized membrane protein
82	93	COG4271	R	Predicted nucleotide-binding protein containing TIR -like domain
66	68	COG4295	R	Predicted RNA repair component, a phosphatase of H2Macro superfamily, DUF2263 family
234	266	COG4464	T	Tyrosine-protein phosphatase YwqE
143	144	COG4466	S	Uncharacterized conserved protein Veg, DUF1021 family
87	92	COG4468	G	Galactose-1-phosphate uridylyltransferase
94	127	COG4485	S	Uncharacterized membrane protein YfhO
97	102	COG4487	S	Uncharacterized conserved protein, contains DUF2130 domain
193	202	COG4496	R	Predicted DNA-binding transcriptional regulator YerC, contains ArsR-like HTH domain
61	101	COG4509	S	Uncharacterized conserved protein
111	120	COG4573	G	Tagatose-1,6-bisphosphate aldolase non-catalytic subunit AgaZ/GatZ
383	542	COG4581	L	Superfamily II RNA helicase
309	850	COG4584	X	Transposase
728	4585	COG4585	T	Signal transduction histidine kinase ComP
1132	3439	COG4591	M	ABC-type transport system involved in lipoprotein release, permease component LolC
156	161	COG4619	P	ABC-type iron transporter FetAB, ATPase component
185	534	COG4624	C	Iron only hydrogenase large subunit, C-terminal domain
317	526	COG4637	R	Predicted ATPase
418	599	COG4656	C	Na+-translocating ferredoxin:NAD+ oxidoreductase RNF, RnfC subunit
245	282	COG4667	I	Predicted phospholipase, patatin/cPLA2 family
241	375	COG4668	G	Mannitol/fructose-specific phosphotransferase system, IIA domain
43	44	COG4687	S	Uncharacterized conserved protein
136	188	COG4690	E	Dipeptidase
115	137	COG4709	S	Uncharacterized membrane protein
37	42	COG4713	S	Uncharacterized membrane protein
220	251	COG4715	S	Uncharacterized protein, contains SWIM-type Zn finger domain
34	47	COG4750	M I	CTP:phosphocholine cytidylyltransferase LicC
1048	2274	COG4770	I	Acetyl/propionyl-CoA carboxylase, alpha subunit
182	292	COG4804	R	Predicted nuclease of restriction endonuclease-like (RecB) superfamily, DUF1016 family
119	148	COG4822	H	Cobalamin biosynthesis protein CbiK, Co2+ chelatase
160	188	COG4823	V	Abortive infection bacteriophage resistance protein
144	146	COG4832	V T	Cyclopropanoid cyclopropyl hydrolase, GyrI-like domain
88	89	COG4868	S	Uncharacterized conserved protein, UPF0371 family
18	18	COG4878	S	Uncharacterized conserved protein, DUF2194 domain
85	148	COG4905	S	Uncharacterized membrane protein
102	110	COG4930	O	Predicted ATP-dependent Lon-type protease
175	359	COG4932	M	Clumping factor A-related surface protein, MSCRAMM (microbial surface components recognizing adhesive matrix molecules) family, DEv-IgG fold
810	1123	COG4942	D	Septal ring factor EnvC, activator of murein hydrolases AmiA and AmiB
183	203	COG4952	M	L-rhamnose isomerase
581	1133	COG4962	W U	Pilus assembly protein, ATPase of CpaF family
494	850	COG4965	W U	Flp pilus assembly protein TadB
1246	7290	COG4974	L	Site-specific recombinase XerD
267	421	COG4978	T	GyrI-like small molecule binding domain
455	508	COG4988	O C	ABC-type transport system involved in cytochrome bd biosynthesis, ATPase and permease components
72	106	COG4990	R	Predicted cysteine peptidase, C39 family
1131	1769	COG4992	E	Acetylornithine/succinyldiaminopimelate/putrescine aminotransferase
1055	3361	COG5002	T	Sensor histidine kinase WalK
264	265	COG5011	S	Uncharacterized conserved protein, DUF2344 family
88	110	COG5015	R	Pyridoxamine 5'-phosphate oxidase (PNPOx-like) family protein
69	71	COG5017	G	UDP-N-acetylglucosamine transferase subunit ALG13
109	120	COG5018	T	3'-5' exonuclease KapD, inhibitor of KinA-controlled sporulation
39	211	COG5263	G	Glucan-binding domain (YG repeat)
107	153	COG5279	D	Cytokinesis protein 3, contains TGc (transglutaminase/protease-like) domain
129	198	COG5337	M	Spore coat protein CotH
45	47	COG5547	S	Uncharacterized membrane protein
72	78	COG5610	R	Predicted sugar hydrolase, contains GT1 and HAD domains
264	288	COG5652	S	VanZ-like family protein (function unknown)
122	132	COG5658	V	Bacterial immunity/signal transduction membrane protein SdpI, SdpI/YbgB/DUF1648 family